SquareMeters,category
75057,Basic
70919,Luxury
29710,Basic
61798,Basic
6313,Basic
60375,Basic
69421,Basic
89086,Basic
68603,Luxury
12448,Basic
37945,Basic
34867,Basic
16547,Luxury
58218,Luxury
28790,Basic
92822,Basic
89217,Luxury
65822,Basic
617,Basic
37171,Basic
82918,Basic
4130,Luxury
95145,Basic
58864,Basic
94363,Luxury
78204,Basic
71588,Basic
68579,Basic
19174,Basic
90646,Basic
81430,Basic
99428,Basic
60815,Basic
95591,Luxury
47497,Basic
65725,Basic
21360,Basic
56559,Basic
45440,Basic
13112,Luxury
68276,Basic
64518,Basic
56093,Basic
84653,Basic
96169,Basic
57789,Luxury
93091,Basic
87190,Basic
38998,Luxury
97134,Basic
39309,Basic
70751,Basic
63086,Luxury
25472,Basic
3514,Basic
99134,Basic
82653,Basic
3723,Basic
28232,Basic
46838,Basic
90562,Luxury
562,Basic
5603,Basic
61704,Basic
49579,Basic
59885,Luxury
72109,Basic
41965,Basic
94216,Basic
39166,Basic
9923,Basic
49374,Basic
76316,Basic
26089,Luxury
98045,Luxury
69594,Basic
56966,Basic
64795,Luxury
39574,Basic
49014,Basic
17034,Luxury
18742,Basic
98794,Basic
72207,Basic
54881,Basic
12873,Basic
66263,Basic
26965,Luxury
9433,Basic
95293,Basic
86619,Basic
8677,Basic
83153,Basic
81892,Basic
21293,Basic
43636,Luxury
1254,Basic
96953,Basic
92877,Basic
37312,Luxury
44075,Basic
55845,Basic
68565,Basic
87484,Basic
89220,Basic
31525,Basic
52579,Basic
30803,Basic
82120,Basic
71171,Luxury
579,Basic
89204,Basic
5904,Basic
92629,Basic
77553,Basic
3542,Luxury
10749,Basic
38021,Luxury
97193,Basic
13309,Basic
10708,Basic
77460,Basic
94133,Basic
99869,Basic
66370,Basic
74780,Basic
89925,Basic
28808,Luxury
28640,Basic
15517,Basic
11059,Basic
86183,Basic
19408,Basic
26958,Basic
45859,Basic
55845,Luxury
43304,Basic
79511,Basic
88501,Basic
75616,Basic
18368,Basic
5375,Basic
6707,Basic
92190,Basic
25432,Basic
37793,Basic
60854,Basic
91531,Basic
68876,Basic
7608,Basic
68717,Basic
65723,Luxury
80039,Basic
62744,Basic
33624,Luxury
7939,Basic
62854,Basic
51757,Basic
32497,Basic
32267,Basic
92490,Basic
72677,Basic
68744,Basic
87436,Basic
80776,Basic
30472,Basic
52141,Basic
51777,Luxury
40280,Basic
79457,Basic
93568,Basic
656,Basic
28997,Basic
97147,Basic
69411,Basic
38190,Basic
81473,Luxury
23682,Basic
81448,Basic
16127,Basic
61486,Basic
96526,Basic
55287,Basic
86820,Basic
93373,Basic
33098,Basic
69898,Basic
11401,Basic
66705,Basic
38947,Basic
65205,Basic
19339,Basic
23971,Basic
50944,Basic
43283,Basic
29323,Basic
81362,Basic
8941,Basic
34967,Basic
66555,Luxury
85985,Basic
85645,Basic
39215,Basic
56643,Basic
60479,Basic
20348,Basic
66371,Basic
31291,Basic
7330,Basic
41502,Basic
23027,Basic
53371,Basic
26997,Luxury
16806,Basic
44304,Basic
66563,Luxury
89812,Basic
39302,Basic
44799,Basic
36268,Basic
86676,Basic
83120,Basic
25341,Basic
25105,Basic
54090,Luxury
80610,Basic
65507,Basic
27204,Basic
79025,Basic
3452,Basic
21550,Basic
11657,Basic
28103,Basic
47957,Luxury
63519,Basic
76021,Basic
88259,Basic
82787,Luxury
56517,Basic
29096,Basic
36216,Basic
5139,Luxury
25487,Basic
35733,Basic
16735,Basic
56202,Basic
12426,Basic
33984,Basic
98651,Basic
5117,Basic
56800,Basic
90904,Luxury
26923,Basic
15734,Luxury
17513,Basic
14052,Basic
19727,Luxury
77423,Luxury
65904,Basic
29001,Basic
32361,Basic
93174,Basic
71192,Basic
68128,Basic
98923,Basic
72196,Basic
99278,Basic
30896,Basic
50293,Basic
18229,Basic
79224,Basic
91975,Basic
36387,Luxury
32136,Luxury
20995,Basic
94361,Basic
53019,Basic
8609,Basic
64245,Basic
28192,Basic
14933,Luxury
54323,Basic
92204,Basic
3314,Basic
17466,Basic
17389,Basic
23444,Basic
24097,Basic
59850,Basic
88387,Basic
17671,Basic
8537,Basic
19183,Basic
74178,Basic
10562,Basic
77339,Basic
9842,Basic
39477,Basic
22482,Basic
26592,Basic
27008,Basic
48768,Basic
81967,Basic
94845,Luxury
22451,Basic
89087,Basic
4881,Basic
31484,Basic
42616,Basic
99840,Basic
67360,Basic
70010,Luxury
23228,Basic
67055,Basic
39758,Luxury
47618,Basic
39897,Luxury
49729,Basic
86564,Basic
7426,Basic
97110,Basic
83738,Basic
77716,Basic
88251,Basic
38800,Basic
54789,Basic
99099,Luxury
77018,Basic
69707,Basic
84211,Basic
59752,Basic
37815,Basic
18681,Luxury
28285,Basic
59773,Basic
87566,Basic
58801,Luxury
6454,Basic
87590,Basic
25532,Basic
15791,Luxury
32737,Basic
74097,Basic
24995,Basic
13591,Basic
77100,Basic
21189,Basic
28195,Basic
92363,Basic
31752,Luxury
94966,Basic
35493,Luxury
78152,Basic
13874,Basic
74893,Basic
36314,Basic
34804,Basic
33783,Luxury
47739,Basic
39108,Basic
36823,Basic
88221,Basic
78977,Basic
99680,Basic
5658,Basic
15526,Basic
62964,Basic
89172,Basic
111,Basic
43467,Basic
35112,Basic
6600,Basic
46709,Basic
6856,Basic
7148,Basic
53062,Basic
43159,Basic
40705,Basic
86419,Basic
37225,Luxury
13912,Luxury
12228,Basic
873,Basic
77472,Basic
55812,Basic
56730,Basic
33002,Basic
3929,Basic
66744,Basic
92759,Basic
4117,Luxury
65476,Basic
50404,Basic
85421,Basic
54226,Basic
56287,Basic
84340,Basic
57577,Basic
27451,Basic
79814,Basic
53894,Basic
36095,Luxury
93290,Basic
16478,Basic
68482,Basic
23614,Basic
73692,Basic
46227,Luxury
57454,Basic
18929,Basic
20572,Basic
18012,Basic
59361,Basic
85444,Basic
64265,Basic
1986,Basic
16999,Basic
68912,Basic
59986,Basic
45426,Basic
28347,Basic
15124,Basic
72495,Basic
39097,Basic
45958,Basic
11898,Basic
54901,Basic
18198,Basic
98149,Basic
94491,Luxury
63261,Basic
77990,Basic
4827,Basic
50472,Basic
51798,Basic
29431,Basic
52915,Basic
47831,Basic
24511,Basic
33612,Basic
52223,Basic
98796,Basic
2770,Luxury
58108,Basic
1933,Basic
78046,Basic
81425,Basic
74709,Basic
58527,Basic
90505,Basic
32842,Basic
49531,Basic
97472,Basic
41117,Basic
32850,Basic
25762,Basic
69179,Basic
1333,Basic
91107,Basic
96843,Basic
24378,Basic
8988,Basic
1549,Basic
79081,Basic
54077,Basic
7249,Basic
99095,Basic
11292,Basic
36436,Basic
35727,Basic
82736,Basic
50024,Basic
38535,Basic
20820,Basic
20614,Luxury
4776,Basic
44487,Basic
5528,Basic
84165,Basic
86326,Basic
37868,Basic
62328,Basic
76184,Basic
96352,Basic
831,Basic
59764,Basic
33976,Basic
71627,Basic
53500,Basic
32085,Basic
48144,Basic
32939,Basic
74743,Basic
44436,Basic
21834,Basic
71104,Basic
36654,Basic
40195,Basic
57072,Basic
4750,Basic
43712,Basic
73733,Basic
46731,Basic
46864,Basic
6881,Luxury
88838,Basic
90350,Basic
88408,Basic
37017,Basic
40035,Luxury
49740,Basic
50296,Luxury
47237,Basic
53536,Basic
68348,Basic
3790,Basic
31906,Basic
51672,Basic
31990,Basic
12099,Basic
29366,Basic
429,Basic
65413,Basic
83090,Basic
16218,Luxury
64943,Basic
1947,Basic
4009,Basic
41404,Basic
34469,Basic
16254,Basic
63941,Basic
65582,Basic
49407,Basic
17847,Basic
73769,Basic
40912,Basic
30632,Basic
92329,Basic
94457,Basic
45739,Basic
31774,Basic
272,Basic
92618,Luxury
97566,Basic
74348,Basic
34035,Basic
25078,Basic
80023,Basic
4141,Basic
87245,Basic
15981,Basic
66944,Basic
71437,Basic
33742,Basic
37677,Luxury
3760,Basic
1668,Basic
74500,Basic
88272,Basic
42230,Basic
21346,Basic
62388,Basic
9196,Basic
3939,Luxury
5132,Basic
52820,Basic
56694,Basic
21648,Luxury
11513,Luxury
86850,Basic
84311,Basic
70139,Basic
38691,Basic
4769,Basic
4456,Basic
66727,Basic
21856,Basic
73542,Basic
13423,Basic
91361,Basic
8583,Basic
67671,Basic
74235,Basic
37531,Basic
66610,Basic
88869,Basic
56102,Basic
98114,Basic
82310,Luxury
6601,Basic
39130,Basic
26848,Luxury
77975,Luxury
78739,Basic
59704,Basic
1634,Basic
83954,Basic
6381,Basic
16817,Basic
88402,Basic
54789,Basic
12020,Basic
16602,Basic
81800,Basic
211,Basic
21106,Basic
53833,Basic
96246,Basic
62199,Basic
67216,Basic
82395,Luxury
89880,Basic
42686,Basic
68043,Basic
88821,Basic
74641,Basic
32121,Basic
43665,Basic
22849,Basic
51021,Basic
25316,Basic
77346,Basic
18346,Basic
72368,Basic
18014,Basic
56391,Basic
30007,Basic
70179,Basic
4813,Basic
80331,Basic
68153,Luxury
90954,Basic
24168,Basic
10781,Basic
70810,Basic
92505,Luxury
4768,Basic
23668,Basic
27093,Luxury
11519,Basic
90122,Basic
85198,Basic
75571,Basic
61478,Basic
64180,Basic
71527,Luxury
77855,Luxury
54169,Basic
74689,Basic
12426,Basic
59509,Basic
5340,Basic
10082,Basic
35763,Basic
81375,Basic
74875,Basic
14623,Luxury
46282,Luxury
11124,Luxury
20634,Basic
73473,Basic
9130,Luxury
10342,Luxury
30291,Basic
52756,Luxury
56155,Basic
45587,Basic
21070,Basic
18603,Luxury
85134,Basic
74689,Basic
28825,Basic
4680,Basic
35706,Basic
24321,Basic
36321,Basic
85415,Basic
8731,Luxury
80634,Basic
30631,Basic
56065,Basic
49574,Basic
75408,Basic
735,Basic
925,Basic
22714,Basic
99053,Basic
65914,Basic
76613,Basic
1862,Basic
27600,Basic
71241,Basic
67247,Basic
79073,Basic
9208,Basic
51875,Basic
92445,Basic
13470,Basic
29722,Basic
18104,Basic
98701,Basic
30239,Luxury
77857,Basic
22737,Basic
24896,Basic
98793,Basic
14224,Luxury
65001,Basic
84479,Basic
49415,Basic
75177,Basic
95630,Basic
40911,Basic
71151,Basic
48392,Basic
76649,Basic
5390,Basic
44938,Basic
50595,Basic
43776,Basic
70110,Basic
40760,Basic
39524,Basic
6597,Basic
19674,Basic
57415,Basic
2143,Basic
37302,Basic
64964,Basic
67691,Basic
727,Basic
70068,Luxury
61771,Basic
62878,Basic
64505,Basic
95116,Basic
39418,Basic
47022,Luxury
36778,Luxury
95702,Basic
86793,Basic
12584,Luxury
54520,Basic
4099,Basic
75948,Basic
89305,Basic
26506,Basic
6921,Basic
8346,Basic
90050,Basic
33341,Basic
17467,Basic
67672,Basic
46771,Basic
33700,Basic
95076,Luxury
68535,Basic
87567,Basic
47807,Basic
24942,Basic
19702,Basic
7001,Basic
26872,Basic
24081,Luxury
40992,Basic
48102,Basic
90219,Basic
58935,Basic
99277,Luxury
90528,Basic
61867,Basic
61877,Basic
62187,Basic
82176,Luxury
36528,Basic
61942,Basic
97430,Basic
60226,Basic
20346,Basic
65982,Luxury
31886,Basic
98348,Basic
80722,Basic
15588,Basic
41797,Basic
26599,Basic
32874,Basic
86619,Luxury
22205,Luxury
58657,Basic
23552,Basic
93202,Basic
48478,Basic
27969,Basic
17015,Basic
25066,Basic
31651,Basic
62001,Basic
71532,Basic
45285,Basic
59099,Basic
73048,Basic
2501,Basic
11620,Basic
55228,Basic
83411,Basic
44721,Basic
16360,Basic
17306,Basic
49820,Basic
92241,Basic
64318,Luxury
62785,Basic
71517,Basic
48401,Basic
40839,Luxury
44219,Luxury
61455,Basic
31862,Basic
34137,Basic
85661,Basic
60988,Basic
31308,Basic
91419,Basic
46317,Basic
20810,Basic
72269,Basic
38856,Basic
51212,Basic
31246,Basic
75354,Basic
69352,Basic
36673,Basic
83421,Luxury
75593,Luxury
60653,Basic
17699,Basic
11587,Luxury
23262,Basic
60022,Basic
60759,Basic
10798,Basic
13163,Basic
99750,Luxury
78980,Basic
71251,Basic
60656,Luxury
18854,Basic
20282,Basic
87580,Basic
76238,Basic
82707,Basic
78114,Basic
85405,Luxury
92885,Basic
74947,Luxury
81609,Basic
82641,Basic
16411,Luxury
73237,Basic
55821,Basic
38171,Basic
86433,Basic
21136,Basic
48162,Basic
22238,Basic
66813,Basic
79256,Basic
45383,Luxury
33974,Basic
2017,Basic
8318,Basic
78791,Basic
95878,Basic
79499,Luxury
71601,Basic
31995,Basic
5475,Basic
91703,Basic
9881,Basic
49904,Basic
61529,Basic
17052,Basic
79361,Luxury
30633,Basic
14535,Basic
64918,Basic
52424,Basic
1144,Basic
76654,Basic
70474,Basic
33369,Basic
79065,Basic
16599,Basic
64654,Basic
33177,Luxury
63711,Basic
98857,Luxury
56134,Basic
76021,Basic
31258,Basic
30442,Basic
33207,Luxury
2138,Basic
22593,Basic
64253,Basic
54936,Basic
1430,Basic
79934,Basic
52618,Basic
39626,Luxury
82252,Basic
30373,Basic
50576,Basic
88955,Basic
42933,Basic
34176,Basic
47097,Basic
10641,Basic
30888,Basic
77165,Basic
23061,Basic
10197,Basic
35259,Basic
7155,Basic
9552,Basic
6061,Luxury
9664,Basic
34070,Basic
61445,Basic
43188,Basic
98846,Basic
92292,Basic
64926,Luxury
25373,Basic
72859,Basic
34487,Basic
29752,Basic
57203,Basic
89873,Basic
33601,Basic
180,Basic
27571,Basic
18757,Basic
60734,Basic
50327,Basic
61049,Basic
92594,Basic
85772,Basic
77461,Basic
91560,Basic
14536,Basic
75504,Basic
24025,Basic
13760,Basic
77009,Basic
91287,Basic
47722,Basic
41250,Basic
44638,Basic
76640,Basic
85104,Basic
35647,Basic
36219,Luxury
80329,Basic
80958,Basic
47995,Basic
45690,Basic
22802,Basic
63272,Luxury
62137,Basic
465,Basic
58529,Basic
93440,Basic
80489,Basic
29543,Basic
1102,Basic
47649,Basic
44129,Basic
90874,Basic
11027,Basic
17618,Basic
69182,Basic
4348,Basic
19336,Basic
82819,Basic
27265,Basic
26061,Basic
91482,Basic
13853,Basic
16055,Basic
74175,Basic
7658,Basic
39682,Basic
11401,Basic
8370,Basic
89671,Basic
66391,Basic
8139,Basic
68180,Basic
21982,Basic
54456,Basic
12198,Basic
32527,Basic
10676,Basic
96433,Basic
71484,Basic
99217,Basic
18523,Basic
53978,Basic
67825,Basic
82292,Luxury
75848,Basic
97520,Basic
59571,Basic
35967,Basic
50614,Basic
6348,Basic
77454,Basic
91290,Basic
67226,Basic
44966,Luxury
45455,Basic
21671,Basic
19325,Basic
55326,Luxury
77197,Basic
20195,Basic
89075,Luxury
92412,Luxury
88598,Basic
72399,Basic
71236,Basic
30463,Basic
35863,Basic
7486,Basic
84740,Basic
23513,Basic
46226,Basic
38742,Basic
14261,Luxury
81492,Basic
44475,Basic
4617,Basic
93608,Basic
98788,Basic
17085,Luxury
92837,Basic
30136,Basic
22663,Basic
36477,Basic
32294,Basic
48367,Basic
27495,Basic
527,Basic
58551,Basic
7199,Basic
30204,Basic
34210,Basic
89872,Luxury
28600,Basic
94317,Basic
59292,Basic
18747,Basic
939,Basic
26090,Basic
37424,Basic
31040,Basic
41661,Basic
9601,Basic
30736,Basic
65870,Basic
74907,Basic
19812,Basic
50707,Basic
40282,Basic
41739,Basic
53243,Luxury
38633,Basic
57886,Basic
5177,Basic
38392,Basic
1405,Basic
10727,Basic
53852,Basic
21413,Basic
3587,Luxury
73878,Basic
14859,Luxury
65107,Luxury
16388,Luxury
41431,Basic
8698,Luxury
66442,Basic
12968,Basic
49274,Basic
84612,Basic
48736,Basic
4167,Basic
62601,Basic
68824,Basic
36842,Basic
17585,Basic
7139,Luxury
23147,Basic
84182,Basic
61995,Basic
6575,Basic
2638,Basic
23987,Basic
15769,Basic
4276,Basic
98566,Basic
35745,Basic
63825,Basic
93508,Basic
1753,Basic
50019,Basic
82325,Basic
34403,Basic
88240,Basic
43759,Luxury
2111,Basic
50799,Basic
24559,Basic
22422,Basic
52599,Basic
32472,Basic
10931,Basic
15434,Basic
56546,Basic
11922,Luxury
93733,Basic
72636,Luxury
19793,Basic
75334,Basic
20854,Basic
9126,Basic
73441,Luxury
88646,Basic
1392,Basic
96455,Basic
36417,Basic
42688,Basic
36468,Basic
49940,Basic
28924,Basic
55858,Basic
97704,Basic
79171,Luxury
17434,Basic
87587,Basic
16727,Basic
2813,Basic
99031,Basic
70681,Basic
80697,Basic
36268,Basic
78115,Basic
13929,Basic
2624,Basic
5630,Basic
28579,Basic
4638,Basic
86916,Basic
31066,Basic
78946,Basic
51408,Basic
63315,Basic
32130,Basic
533,Basic
32979,Luxury
18545,Basic
73591,Basic
48045,Basic
80686,Basic
89991,Basic
79229,Basic
87678,Basic
98661,Basic
83750,Basic
97550,Basic
43400,Basic
30468,Basic
14692,Basic
23106,Basic
60287,Basic
71787,Basic
15839,Basic
68522,Basic
17818,Basic
94186,Basic
92033,Basic
29600,Basic
83260,Basic
53904,Basic
47691,Basic
40196,Basic
42035,Luxury
37560,Basic
29278,Basic
96803,Basic
20067,Basic
52638,Basic
47252,Basic
7515,Basic
84630,Basic
72150,Basic
76956,Basic
6885,Basic
8188,Basic
46785,Basic
40737,Basic
51242,Luxury
35691,Basic
98705,Luxury
25831,Basic
76174,Luxury
61734,Basic
53424,Basic
23754,Basic
24396,Basic
80349,Basic
79583,Basic
73863,Luxury
37195,Basic
51058,Basic
9705,Basic
67558,Basic
21667,Luxury
39654,Basic
9372,Basic
53448,Luxury
43998,Basic
92326,Luxury
80678,Basic
34060,Basic
83173,Basic
58698,Basic
72343,Basic
74922,Basic
19528,Basic
42969,Basic
68028,Basic
8676,Basic
61140,Basic
3041,Basic
31231,Basic
47315,Luxury
92963,Basic
22714,Basic
94062,Basic
23248,Luxury
51308,Basic
69867,Basic
75211,Basic
71008,Basic
85766,Basic
44561,Basic
14954,Basic
72194,Basic
71931,Basic
98946,Basic
42708,Basic
16037,Basic
19510,Basic
47783,Basic
12430,Basic
40439,Basic
95889,Basic
77174,Basic
40184,Basic
37534,Luxury
43585,Basic
38935,Basic
59918,Basic
68723,Basic
32721,Basic
64674,Basic
86022,Luxury
63737,Basic
5322,Basic
63871,Basic
65560,Basic
89,Basic
71024,Basic
71040,Luxury
50650,Basic
66759,Luxury
98514,Basic
7312,Basic
2676,Luxury
60763,Basic
49904,Basic
54907,Basic
3709,Basic
26117,Basic
8626,Basic
74079,Basic
27810,Luxury
40638,Basic
60063,Basic
93811,Luxury
12555,Luxury
30862,Basic
36334,Basic
86087,Basic
69567,Basic
18785,Basic
20660,Basic
62277,Luxury
46917,Basic
30248,Basic
50102,Basic
45149,Basic
30603,Basic
79214,Basic
62718,Basic
27281,Basic
41418,Basic
97489,Basic
51812,Luxury
34498,Basic
95097,Basic
44251,Basic
47583,Basic
93184,Basic
1254,Basic
95328,Basic
7388,Basic
34555,Luxury
61310,Basic
20714,Luxury
94704,Basic
13353,Basic
57475,Basic
84795,Basic
70465,Basic
68270,Basic
26389,Basic
57552,Basic
84291,Basic
60059,Basic
91513,Basic
70544,Basic
16565,Basic
75865,Basic
29758,Basic
95566,Luxury
1090,Luxury
98319,Basic
18693,Basic
21781,Basic
33662,Basic
94420,Basic
53313,Basic
54060,Luxury
67709,Basic
85740,Luxury
28659,Basic
30217,Luxury
58165,Basic
4014,Basic
13523,Basic
49772,Basic
85904,Basic
22541,Luxury
39132,Basic
32785,Basic
69831,Basic
80301,Basic
10802,Basic
87853,Basic
86424,Basic
44595,Basic
60056,Basic
30896,Luxury
54484,Basic
16571,Basic
87858,Basic
19869,Basic
54298,Basic
8191,Basic
79950,Basic
73332,Basic
31669,Luxury
97412,Basic
63163,Basic
43907,Basic
64260,Basic
42585,Basic
35108,Basic
12127,Basic
63669,Basic
24278,Basic
18937,Basic
82865,Basic
58599,Basic
85101,Basic
95649,Basic
2448,Basic
31539,Basic
96853,Basic
64718,Basic
5263,Basic
1115,Luxury
35568,Basic
98423,Basic
78772,Luxury
6592,Basic
22773,Basic
4800,Basic
65322,Basic
29310,Basic
70742,Basic
60239,Basic
35693,Basic
8395,Basic
81718,Basic
79368,Luxury
35420,Basic
33267,Basic
57971,Basic
17686,Basic
59159,Basic
75700,Basic
92384,Basic
87425,Basic
18040,Luxury
68992,Basic
10141,Basic
83647,Basic
94846,Basic
42105,Basic
49833,Basic
35825,Basic
69428,Basic
77287,Basic
13166,Basic
46131,Basic
37111,Basic
46540,Basic
32369,Basic
2192,Basic
22752,Basic
43252,Basic
64697,Basic
93168,Basic
94681,Basic
27903,Basic
2943,Basic
80746,Basic
13449,Basic
66907,Basic
83377,Basic
77849,Basic
92759,Basic
47283,Basic
96593,Basic
71226,Basic
49136,Basic
67434,Basic
55324,Basic
43410,Basic
54919,Basic
3880,Basic
7028,Basic
31433,Basic
83521,Basic
60797,Basic
86284,Basic
44966,Basic
18932,Basic
91250,Basic
92563,Basic
48319,Basic
27565,Basic
38455,Basic
66180,Basic
43037,Basic
49365,Basic
7364,Basic
49588,Basic
51957,Basic
31383,Basic
97271,Basic
74271,Basic
37217,Basic
61295,Basic
53067,Basic
45732,Basic
73470,Basic
75839,Luxury
19658,Basic
67974,Basic
14195,Basic
12624,Basic
12739,Basic
50567,Basic
25079,Basic
14856,Basic
48408,Basic
9423,Basic
82614,Basic
15726,Basic
78671,Basic
20197,Basic
30713,Basic
83019,Basic
34639,Luxury
19606,Basic
54753,Basic
35750,Basic
40776,Basic
76938,Basic
22421,Basic
78379,Basic
28804,Basic
2434,Basic
23281,Basic
92417,Basic
82560,Basic
24936,Basic
3261,Basic
86526,Luxury
81673,Basic
17901,Basic
86179,Basic
84465,Basic
37916,Basic
20852,Basic
86258,Luxury
25784,Basic
27925,Basic
59522,Luxury
31741,Basic
37491,Basic
74283,Basic
1251,Basic
6389,Basic
92090,Basic
85562,Basic
90722,Basic
66159,Basic
71481,Basic
20166,Basic
14635,Basic
9180,Basic
45330,Basic
39486,Basic
85448,Basic
54941,Basic
46317,Basic
36842,Basic
40101,Luxury
38586,Basic
14274,Basic
63860,Basic
34891,Basic
98433,Basic
98827,Basic
52100,Basic
19185,Basic
58027,Basic
93409,Basic
28193,Luxury
24936,Basic
5579,Basic
87479,Basic
60824,Basic
54888,Basic
46865,Basic
41143,Basic
61847,Basic
16016,Basic
30159,Basic
32597,Basic
91824,Luxury
90097,Basic
85854,Basic
6556,Basic
83808,Basic
41301,Basic
51517,Basic
94856,Basic
3818,Basic
24297,Basic
80656,Basic
84254,Luxury
96140,Basic
4261,Basic
9502,Basic
46390,Basic
77989,Luxury
36563,Luxury
27492,Basic
63720,Basic
88328,Basic
10559,Basic
36799,Basic
52899,Basic
67697,Basic
82372,Basic
93197,Basic
68703,Basic
44626,Basic
48809,Basic
61152,Basic
25230,Basic
55153,Basic
15320,Luxury
62064,Basic
84285,Luxury
35067,Luxury
70945,Basic
69348,Basic
23705,Basic
53359,Basic
52801,Basic
79109,Basic
6305,Basic
19739,Basic
72838,Basic
94639,Basic
43503,Basic
36489,Basic
67397,Luxury
22136,Basic
66819,Luxury
39688,Basic
66670,Basic
66274,Basic
67125,Basic
72239,Basic
71846,Basic
73190,Luxury
20258,Basic
79176,Basic
54927,Basic
62960,Basic
7002,Luxury
65029,Basic
71876,Basic
81468,Basic
80823,Basic
57132,Basic
29528,Basic
80759,Basic
94540,Luxury
48070,Basic
8962,Basic
41738,Basic
62314,Basic
50668,Basic
2725,Basic
88205,Basic
51785,Luxury
52284,Basic
77411,Basic
50875,Luxury
5640,Basic
4371,Basic
98257,Basic
90499,Basic
622,Basic
40777,Basic
1008,Basic
57718,Basic
17167,Basic
46131,Basic
40567,Basic
77151,Basic
94943,Basic
31179,Basic
80693,Basic
16145,Luxury
9678,Basic
73554,Basic
6914,Basic
2995,Basic
68245,Basic
52649,Basic
39040,Basic
33936,Luxury
18762,Basic
40952,Luxury
90404,Luxury
94947,Basic
81866,Basic
49909,Basic
31042,Luxury
35810,Basic
2985,Basic
63693,Basic
94754,Basic
15162,Basic
32956,Luxury
96224,Basic
86806,Basic
42537,Basic
77045,Basic
76912,Basic
33814,Basic
4052,Luxury
634,Basic
32325,Basic
59348,Basic
40148,Basic
62064,Basic
23172,Basic
80277,Basic
62236,Basic
58110,Luxury
99952,Basic
9780,Basic
26230,Luxury
44509,Basic
94182,Basic
28309,Basic
98710,Basic
6362,Basic
21857,Basic
60064,Basic
41526,Basic
65163,Basic
38355,Basic
8020,Basic
95780,Basic
63267,Basic
69314,Basic
37781,Basic
77210,Luxury
50792,Basic
98934,Basic
74265,Basic
93180,Basic
4809,Basic
91673,Basic
13027,Basic
40010,Basic
86019,Basic
65427,Basic
52202,Basic
85345,Basic
7472,Basic
60167,Basic
822,Basic
17889,Basic
78122,Basic
39831,Basic
67947,Basic
90265,Basic
21522,Basic
79298,Basic
6481,Luxury
87204,Basic
19526,Basic
61527,Basic
52141,Basic
45370,Basic
38511,Basic
54462,Basic
83847,Basic
70213,Basic
22328,Basic
72870,Luxury
34980,Basic
73136,Basic
90087,Basic
16714,Basic
52455,Basic
10817,Basic
95367,Basic
94018,Basic
38947,Basic
46976,Basic
34673,Basic
17392,Basic
43359,Basic
32309,Basic
88352,Basic
50878,Basic
60886,Basic
63792,Basic
85215,Basic
80998,Basic
29250,Basic
37941,Basic
11242,Basic
91558,Basic
87819,Basic
10035,Basic
57676,Basic
20297,Basic
68006,Basic
48994,Basic
66738,Basic
22855,Basic
21196,Basic
36702,Basic
76612,Basic
22974,Basic
16348,Basic
50109,Luxury
41759,Basic
19572,Basic
712,Basic
88172,Basic
46944,Basic
79649,Basic
27488,Basic
10972,Basic
17797,Basic
16252,Basic
71603,Luxury
87022,Basic
62289,Basic
5825,Basic
85225,Basic
5820,Basic
90539,Luxury
35233,Basic
98559,Basic
58056,Basic
91207,Basic
67923,Basic
12641,Basic
35691,Luxury
48627,Basic
5183,Basic
16631,Basic
18144,Basic
10586,Luxury
64235,Basic
88584,Basic
2310,Basic
55217,Basic
64539,Basic
90947,Basic
68837,Basic
60721,Basic
51459,Basic
12820,Basic
20734,Basic
91988,Basic
40286,Basic
10719,Basic
17783,Basic
72065,Basic
58626,Basic
13147,Basic
90304,Basic
80780,Luxury
82301,Basic
78039,Basic
92783,Basic
67134,Basic
27792,Basic
96637,Basic
36877,Basic
88120,Basic
4385,Basic
75903,Basic
1171,Basic
44615,Basic
65543,Basic
17246,Basic
7236,Basic
32078,Basic
82184,Basic
6686,Basic
18536,Basic
52683,Basic
32286,Luxury
34796,Basic
26669,Basic
47606,Basic
91435,Basic
889,Basic
67511,Basic
52655,Basic
82432,Basic
75680,Basic
28543,Basic
66851,Basic
49031,Luxury
71630,Basic
25362,Basic
87412,Basic
41057,Basic
93325,Luxury
40330,Basic
5134,Basic
93443,Basic
55558,Basic
61694,Basic
32713,Basic
9428,Basic
92032,Luxury
28091,Basic
54706,Basic
97429,Basic
7808,Basic
60265,Basic
57850,Basic
72554,Basic
6966,Basic
79957,Basic
3629,Basic
8732,Basic
56514,Basic
20533,Basic
16625,Basic
12313,Basic
68052,Basic
35383,Basic
8977,Basic
79356,Basic
67639,Basic
21145,Basic
26009,Luxury
68580,Basic
88780,Basic
72114,Basic
89756,Basic
1770,Luxury
20109,Basic
61067,Basic
30690,Basic
12161,Basic
47364,Basic
57066,Basic
97760,Basic
47476,Basic
32176,Basic
98547,Basic
86171,Basic
65711,Basic
73585,Basic
26665,Basic
69094,Basic
27538,Basic
64922,Luxury
74600,Basic
56595,Basic
18037,Basic
56587,Basic
20105,Basic
46322,Basic
31301,Luxury
91952,Luxury
92948,Basic
66812,Basic
76424,Basic
14823,Basic
26682,Basic
12995,Basic
94789,Basic
34703,Basic
9691,Basic
84118,Basic
39272,Basic
51037,Basic
17325,Basic
39104,Basic
11247,Basic
87000,Basic
99999,Basic
55888,Basic
75296,Basic
83512,Basic
22825,Basic
58287,Basic
91441,Luxury
57564,Basic
82280,Basic
62646,Basic
50133,Basic
69719,Basic
81840,Basic
7851,Basic
76564,Basic
2095,Basic
13287,Basic
94457,Basic
96573,Basic
97898,Basic
18642,Basic
52259,Basic
68362,Basic
66395,Basic
10590,Basic
51271,Basic
91436,Basic
68072,Basic
12172,Basic
34750,Basic
52832,Basic
87683,Basic
25145,Basic
18426,Luxury
9381,Basic
81658,Basic
10028,Basic
76352,Basic
21247,Luxury
84805,Basic
8928,Basic
14762,Luxury
53454,Basic
35409,Basic
53161,Basic
12760,Basic
42826,Basic
58394,Basic
95143,Basic
46532,Basic
42272,Basic
42981,Basic
62384,Basic
81653,Basic
63278,Basic
95307,Basic
72545,Luxury
66777,Basic
61001,Basic
65790,Basic
35948,Basic
54929,Basic
18397,Basic
4623,Basic
58433,Basic
79767,Basic
58036,Basic
6051,Basic
22703,Basic
29319,Basic
53722,Basic
32218,Basic
93288,Basic
30402,Basic
75632,Basic
34592,Basic
34304,Basic
21112,Basic
40266,Basic
93533,Basic
78672,Luxury
47833,Basic
22142,Basic
19819,Basic
69967,Basic
28555,Basic
25881,Basic
81624,Luxury
73943,Luxury
78101,Basic
22162,Basic
72836,Basic
56614,Basic
838,Luxury
25946,Basic
17250,Basic
19387,Basic
36503,Luxury
61752,Basic
25136,Basic
95989,Luxury
27665,Luxury
79169,Basic
69642,Luxury
28727,Basic
88940,Basic
82978,Basic
22374,Basic
7169,Basic
91380,Basic
20799,Basic
28446,Luxury
81618,Basic
44513,Basic
66436,Basic
55482,Basic
23376,Basic
48380,Basic
38765,Basic
2484,Basic
5624,Basic
71541,Luxury
98857,Basic
6948,Basic
16284,Luxury
60261,Basic
92304,Basic
32071,Basic
76454,Basic
70210,Basic
75584,Basic
41669,Luxury
8940,Basic
79628,Basic
52979,Basic
75414,Basic
91515,Luxury
68767,Basic
90111,Basic
1967,Basic
21843,Basic
45049,Luxury
925,Basic
53956,Basic
3343,Basic
25942,Basic
51171,Basic
82629,Basic
78721,Basic
82900,Basic
79399,Basic
87078,Basic
65246,Luxury
48271,Basic
61311,Luxury
742,Basic
55164,Luxury
37448,Luxury
34208,Basic
21442,Basic
69290,Basic
15299,Basic
30203,Basic
74069,Basic
780,Basic
85060,Basic
47143,Basic
40194,Basic
74411,Basic
3527,Basic
85185,Basic
68772,Basic
6281,Basic
8319,Basic
39572,Basic
61787,Basic
71117,Basic
42903,Luxury
68847,Basic
55035,Basic
76485,Basic
27521,Basic
63072,Basic
60454,Basic
43204,Basic
70279,Basic
99303,Basic
52952,Luxury
40139,Basic
26960,Luxury
21726,Basic
18098,Basic
23519,Basic
50949,Basic
80834,Basic
77743,Basic
97124,Basic
80459,Basic
59237,Basic
43579,Basic
10484,Basic
19907,Basic
68643,Basic
67457,Basic
44593,Basic
56339,Basic
74817,Basic
51109,Basic
63601,Basic
72926,Basic
1562,Basic
2536,Basic
44175,Basic
4069,Basic
73082,Basic
37718,Basic
47386,Basic
33871,Basic
45406,Basic
66434,Basic
23684,Basic
47177,Basic
61661,Basic
449,Basic
66648,Basic
48757,Basic
23558,Basic
56223,Basic
14137,Basic
59386,Basic
34826,Basic
12785,Basic
72587,Luxury
69804,Basic
63915,Basic
24415,Basic
91007,Basic
24023,Basic
66716,Basic
44653,Basic
91013,Basic
14725,Basic
61115,Basic
90925,Basic
54717,Basic
53708,Basic
55413,Luxury
74875,Luxury
65844,Basic
28613,Basic
99458,Basic
69399,Basic
51237,Luxury
29276,Basic
50938,Luxury
39614,Basic
5758,Basic
60562,Basic
28048,Basic
92649,Basic
16354,Luxury
50418,Basic
20075,Basic
54729,Basic
34767,Basic
31388,Basic
37134,Luxury
14011,Basic
87589,Basic
40993,Basic
92811,Basic
26867,Basic
49170,Basic
77081,Basic
66959,Basic
82458,Basic
85615,Basic
61803,Basic
93190,Basic
79240,Basic
86184,Luxury
57097,Basic
683,Basic
22255,Basic
43586,Basic
55472,Basic
58253,Basic
46308,Basic
65961,Basic
77262,Basic
48399,Basic
75402,Basic
54750,Basic
25968,Basic
28993,Basic
28605,Basic
68184,Basic
98283,Basic
95238,Basic
67519,Basic
33608,Basic
22851,Basic
69165,Basic
15321,Basic
74477,Luxury
17668,Basic
19794,Luxury
21294,Luxury
56753,Basic
35753,Basic
14118,Basic
39307,Basic
21477,Basic
52264,Luxury
61350,Basic
71993,Basic
60450,Basic
42791,Basic
9289,Basic
84888,Basic
45867,Basic
72100,Luxury
13381,Basic
27690,Basic
18149,Luxury
85154,Basic
10851,Basic
19214,Basic
93450,Basic
25051,Basic
54300,Basic
22241,Basic
26853,Basic
42360,Basic
50710,Basic
7512,Luxury
28956,Basic
71001,Basic
96364,Basic
74315,Basic
4487,Basic
75066,Basic
81374,Luxury
92490,Basic
24686,Basic
81548,Basic
83789,Basic
82407,Basic
15763,Basic
56191,Basic
93324,Basic
75039,Basic
24270,Basic
19277,Luxury
48799,Basic
86184,Basic
21217,Basic
90679,Basic
75873,Basic
58091,Basic
89396,Basic
87867,Basic
62655,Basic
55840,Basic
28720,Basic
79783,Basic
68260,Basic
4113,Basic
29556,Luxury
90300,Basic
80439,Basic
89245,Basic
42540,Basic
2978,Luxury
43038,Basic
65201,Basic
16200,Basic
24095,Basic
10503,Basic
90338,Basic
58402,Basic
7431,Basic
55047,Basic
78897,Basic
52123,Basic
41157,Basic
12838,Basic
18285,Luxury
33435,Basic
77618,Basic
64044,Basic
69788,Basic
5208,Basic
69952,Basic
9613,Basic
79915,Basic
99636,Basic
37822,Basic
33726,Basic
97854,Basic
80266,Basic
48875,Basic
35019,Luxury
55020,Basic
29256,Basic
26943,Basic
11050,Basic
47413,Basic
20002,Basic
60216,Basic
83275,Basic
80150,Basic
38057,Basic
53449,Basic
33785,Basic
9463,Basic
94370,Basic
44698,Basic
75743,Basic
17622,Basic
62662,Basic
17346,Basic
88899,Basic
72447,Basic
40555,Basic
91095,Basic
69810,Basic
27533,Basic
75271,Basic
42010,Basic
2169,Basic
29004,Basic
32966,Basic
14859,Basic
33640,Basic
73808,Basic
30807,Basic
14243,Basic
82190,Basic
31968,Basic
23558,Basic
81063,Basic
9542,Luxury
39699,Basic
50788,Basic
41681,Basic
3798,Basic
31044,Basic
46291,Basic
15727,Basic
67555,Basic
1903,Basic
67271,Luxury
39217,Basic
62532,Basic
36239,Luxury
11987,Basic
32862,Basic
10983,Basic
94294,Luxury
11157,Basic
59018,Basic
84807,Basic
31585,Basic
44670,Luxury
16951,Basic
5892,Basic
24971,Basic
56217,Basic
6138,Basic
37582,Luxury
18848,Basic
12107,Basic
71523,Basic
88328,Basic
22304,Luxury
90523,Basic
91987,Basic
57719,Luxury
87073,Basic
1878,Basic
47184,Luxury
45511,Basic
98450,Basic
38551,Basic
1359,Basic
76903,Basic
67496,Luxury
39756,Basic
25643,Basic
14043,Luxury
82311,Basic
9333,Luxury
36563,Basic
33427,Luxury
52552,Basic
1294,Basic
19382,Luxury
62805,Basic
76045,Basic
11660,Basic
65965,Basic
18243,Basic
45620,Basic
95620,Basic
44159,Basic
56819,Basic
45681,Basic
45885,Luxury
42781,Basic
48919,Basic
4846,Basic
31160,Basic
7033,Basic
72797,Basic
59068,Basic
10737,Basic
5798,Luxury
63396,Basic
12196,Basic
45271,Basic
53885,Basic
21006,Basic
99184,Basic
27569,Luxury
11064,Luxury
60299,Luxury
43337,Basic
6738,Basic
7939,Basic
33316,Basic
28193,Basic
60768,Basic
405,Basic
78229,Luxury
38892,Basic
16834,Basic
98767,Luxury
19931,Basic
94165,Basic
3166,Basic
14307,Basic
74927,Basic
46132,Basic
93683,Basic
22136,Luxury
22334,Basic
94723,Basic
525,Basic
44111,Basic
50839,Basic
81019,Basic
36137,Basic
56439,Luxury
1937,Luxury
93001,Basic
67233,Basic
55682,Basic
97897,Basic
66836,Basic
78235,Basic
32419,Basic
54995,Basic
7133,Luxury
48223,Basic
28354,Basic
63613,Basic
40812,Basic
40736,Luxury
93690,Basic
50276,Basic
21294,Basic
99074,Basic
24979,Luxury
41441,Basic
97857,Basic
65931,Basic
39077,Basic
95690,Basic
82236,Luxury
36539,Basic
99491,Luxury
32185,Basic
59183,Basic
11006,Luxury
24025,Luxury
92120,Basic
63342,Luxury
91418,Basic
99151,Basic
31429,Basic
92781,Basic
7719,Basic
46313,Basic
53973,Basic
95748,Basic
64615,Basic
10876,Basic
38315,Basic
16733,Basic
17417,Basic
45946,Basic
32143,Basic
23409,Basic
58559,Basic
88182,Luxury
12315,Basic
19520,Basic
79262,Basic
33550,Basic
45179,Basic
8677,Basic
52517,Basic
53762,Basic
79553,Basic
9367,Basic
20349,Basic
34433,Luxury
1451,Basic
21527,Basic
45209,Basic
93318,Luxury
31437,Basic
4742,Luxury
48648,Basic
89003,Basic
25182,Luxury
38890,Basic
8682,Basic
17332,Basic
75671,Luxury
5991,Basic
46463,Basic
99774,Basic
60244,Basic
78747,Basic
47635,Basic
6591,Basic
12997,Basic
16146,Basic
94792,Basic
2382,Basic
71528,Basic
16249,Basic
34910,Luxury
32396,Luxury
50205,Basic
10697,Luxury
50436,Basic
89215,Basic
88746,Basic
81582,Basic
17241,Basic
81401,Luxury
41659,Basic
62268,Basic
91618,Basic
37151,Basic
17705,Basic
93558,Basic
3086,Basic
30247,Luxury
26580,Basic
21316,Basic
77646,Basic
39806,Basic
91624,Basic
96329,Basic
36580,Basic
50013,Luxury
3763,Basic
93256,Basic
85705,Basic
10714,Basic
10540,Basic
53326,Basic
96685,Luxury
82158,Basic
24972,Basic
8746,Basic
38449,Luxury
36187,Basic
6518,Basic
33785,Basic
20556,Basic
89198,Basic
39664,Basic
14401,Basic
49382,Basic
86571,Basic
10727,Basic
86688,Basic
79410,Luxury
74330,Basic
1754,Basic
93571,Basic
70380,Basic
40006,Basic
66327,Basic
86204,Basic
62752,Basic
49183,Basic
20755,Basic
82626,Luxury
72993,Basic
91745,Basic
47803,Basic
26162,Basic
64717,Basic
69426,Basic
7954,Basic
17341,Basic
36138,Basic
73072,Basic
83352,Basic
32337,Basic
30566,Basic
89114,Basic
3190,Basic
77807,Basic
69665,Basic
5475,Basic
872,Luxury
91187,Basic
96711,Basic
39289,Basic
3448,Basic
24623,Basic
80995,Basic
62239,Basic
58413,Luxury
26484,Basic
93466,Basic
71146,Luxury
69133,Basic
16205,Basic
43815,Basic
21396,Basic
52416,Luxury
95012,Basic
11617,Basic
96459,Luxury
38443,Basic
47982,Luxury
89500,Basic
50396,Basic
7759,Luxury
68925,Basic
67391,Luxury
63567,Basic
25133,Basic
27823,Basic
3411,Basic
44227,Basic
35849,Basic
64430,Luxury
57581,Basic
55901,Basic
692,Luxury
27461,Basic
43496,Basic
8214,Basic
57557,Basic
90070,Luxury
10482,Basic
41440,Basic
82469,Basic
14774,Basic
5758,Basic
51501,Luxury
29396,Luxury
68947,Basic
49617,Basic
27831,Basic
22348,Basic
67396,Basic
71930,Basic
51837,Basic
1220,Luxury
85238,Basic
20110,Luxury
90178,Basic
2308,Basic
64783,Luxury
63345,Basic
4802,Basic
82506,Basic
91525,Basic
97684,Basic
85990,Basic
88140,Luxury
41086,Basic
70872,Basic
50015,Basic
90488,Basic
60050,Basic
57897,Basic
45339,Basic
41167,Luxury
63648,Basic
18726,Basic
72938,Basic
8090,Basic
20869,Basic
57300,Basic
19430,Basic
22924,Basic
50593,Basic
69667,Basic
23552,Basic
54029,Basic
82948,Basic
4398,Basic
51781,Basic
55671,Basic
83281,Basic
49795,Basic
51482,Basic
34236,Basic
64005,Basic
72449,Basic
52771,Basic
68106,Basic
99907,Basic
42253,Basic
82295,Basic
77466,Basic
33625,Basic
31612,Basic
82524,Basic
68038,Basic
68144,Basic
89946,Basic
95546,Luxury
39742,Basic
210,Basic
99431,Basic
6036,Basic
60937,Basic
84651,Basic
94474,Basic
51243,Basic
35586,Basic
89519,Basic
75340,Basic
68762,Basic
50539,Luxury
38148,Basic
43613,Basic
86257,Luxury
4194,Basic
70519,Basic
55616,Basic
57041,Basic
39007,Luxury
20869,Basic
27036,Luxury
90536,Basic
97882,Basic
35287,Basic
91311,Basic
60596,Basic
73365,Basic
55281,Basic
42265,Basic
39595,Basic
83790,Basic
62977,Basic
49810,Basic
44782,Basic
79066,Basic
45091,Basic
16063,Basic
28920,Basic
29431,Basic
80671,Basic
98648,Luxury
23336,Basic
65779,Basic
26508,Luxury
82117,Basic
27949,Basic
58847,Basic
84311,Basic
9749,Basic
1932,Luxury
83358,Basic
72006,Basic
80394,Basic
39132,Basic
89169,Luxury
86467,Basic
54648,Basic
5856,Basic
28722,Basic
54563,Basic
17847,Basic
69806,Basic
70178,Basic
68311,Basic
4258,Basic
67140,Basic
14608,Basic
61185,Basic
1888,Basic
92130,Basic
24516,Basic
55727,Basic
55558,Basic
98924,Basic
61279,Basic
19463,Basic
4449,Basic
84634,Basic
75868,Basic
81639,Basic
49116,Luxury
29711,Basic
77339,Basic
93471,Basic
42078,Basic
83730,Basic
93650,Basic
45125,Luxury
36987,Basic
64425,Basic
13601,Basic
71595,Basic
19440,Basic
43251,Basic
90447,Basic
70636,Basic
51999,Basic
29498,Basic
59392,Basic
26656,Basic
84221,Basic
83175,Luxury
72843,Basic
827,Basic
36690,Basic
66847,Basic
22381,Basic
93244,Basic
70728,Basic
8300,Basic
16859,Basic
71373,Basic
52871,Basic
4263,Basic
83742,Basic
17505,Basic
14050,Basic
77370,Basic
6791,Basic
77027,Basic
98843,Basic
94172,Basic
66518,Basic
27442,Basic
49592,Basic
89887,Basic
12865,Basic
33781,Luxury
40933,Basic
81301,Basic
67761,Basic
20744,Basic
65934,Basic
50877,Basic
33055,Basic
75572,Basic
13914,Basic
80604,Basic
29613,Basic
81112,Basic
45860,Luxury
261,Basic
68825,Luxury
26916,Basic
46421,Basic
59816,Basic
11149,Luxury
71042,Basic
11875,Basic
63664,Luxury
57431,Basic
52078,Basic
70757,Basic
30556,Basic
16809,Basic
5456,Luxury
12130,Basic
12551,Basic
61557,Basic
12939,Basic
85576,Basic
8064,Basic
50599,Basic
53496,Basic
86405,Basic
18231,Basic
76918,Basic
40214,Basic
94801,Basic
20040,Basic
49942,Basic
52974,Basic
62710,Basic
66389,Basic
40619,Basic
59738,Basic
60842,Basic
95875,Luxury
44803,Basic
40633,Luxury
43359,Basic
98131,Basic
7101,Basic
54469,Basic
67580,Basic
69893,Basic
31704,Basic
40557,Basic
75293,Basic
87596,Basic
77252,Basic
45963,Basic
36048,Basic
16058,Basic
50678,Basic
34835,Basic
80249,Basic
93670,Basic
73734,Basic
5058,Basic
24957,Basic
7764,Basic
93664,Basic
53104,Basic
57990,Basic
84308,Basic
48559,Basic
59971,Basic
29004,Basic
45524,Basic
18844,Basic
61141,Basic
21261,Luxury
95602,Basic
8708,Basic
91342,Basic
7789,Basic
56726,Basic
40784,Basic
9448,Basic
6570,Luxury
23213,Basic
26444,Basic
23320,Basic
92782,Luxury
86163,Basic
10128,Luxury
9861,Basic
70435,Basic
67843,Basic
2871,Basic
9008,Basic
40037,Basic
11260,Basic
41212,Basic
91743,Basic
45738,Basic
636,Basic
37171,Basic
11646,Basic
5620,Basic
19373,Basic
32794,Basic
28373,Basic
89823,Basic
64533,Basic
17515,Basic
24040,Basic
48289,Basic
17513,Basic
20401,Basic
6009,Basic
85104,Basic
65886,Basic
79096,Luxury
95098,Basic
54336,Luxury
85300,Basic
40906,Basic
82585,Basic
73021,Basic
57044,Basic
78882,Basic
56013,Luxury
60863,Basic
83520,Basic
71848,Basic
69067,Basic
79653,Basic
16977,Basic
13594,Basic
4711,Basic
89124,Basic
62599,Basic
74572,Basic
56197,Basic
66687,Basic
47519,Luxury
21581,Basic
16956,Basic
56148,Basic
85429,Basic
84058,Basic
18604,Basic
90179,Basic
60135,Luxury
45506,Basic
95730,Basic
51121,Luxury
63915,Basic
9629,Basic
68837,Basic
39239,Basic
58917,Basic
46921,Luxury
65555,Basic
2355,Basic
21851,Basic
19677,Basic
39661,Basic
20967,Basic
9057,Basic
46301,Basic
92238,Basic
41880,Basic
44459,Basic
10821,Basic
24560,Basic
864,Basic
23212,Basic
31459,Basic
80206,Basic
48926,Basic
9109,Basic
48403,Basic
12011,Luxury
6470,Luxury
55872,Basic
37213,Basic
55851,Luxury
48395,Basic
27946,Basic
12066,Basic
59109,Basic
57801,Basic
1448,Basic
40571,Basic
85030,Basic
26690,Basic
97110,Basic
77591,Basic
10109,Basic
3712,Basic
61485,Basic
39818,Basic
24064,Luxury
76818,Basic
96767,Basic
7184,Basic
63062,Basic
33793,Basic
26089,Basic
9223,Basic
64717,Basic
1513,Basic
89008,Basic
4803,Basic
64128,Basic
47956,Basic
96915,Basic
98025,Basic
95148,Basic
93283,Basic
80837,Basic
64869,Basic
44750,Basic
55840,Basic
40934,Basic
32951,Basic
99552,Luxury
62093,Basic
72445,Basic
83352,Luxury
65494,Basic
11084,Basic
81974,Basic
81262,Basic
78453,Luxury
5598,Basic
58852,Basic
32389,Basic
57798,Basic
45947,Basic
74390,Basic
56711,Basic
10048,Basic
68783,Basic
27586,Basic
74190,Basic
77724,Basic
78851,Basic
88521,Basic
72527,Luxury
10987,Luxury
81531,Basic
67870,Luxury
68738,Basic
48452,Basic
51040,Basic
71549,Basic
60828,Basic
59348,Basic
26861,Basic
43278,Luxury
41494,Basic
27881,Basic
8114,Basic
92373,Basic
95337,Basic
5246,Basic
52337,Basic
14894,Basic
87840,Basic
47765,Basic
99510,Basic
21364,Luxury
58774,Basic
80922,Basic
62302,Basic
98032,Basic
42363,Basic
21536,Basic
86732,Basic
49305,Basic
48820,Luxury
23407,Basic
14611,Basic
17368,Basic
77927,Basic
71436,Basic
82643,Basic
65273,Basic
58871,Basic
93506,Basic
81600,Basic
12716,Basic
46422,Basic
18106,Basic
22390,Basic
64982,Basic
6824,Luxury
69942,Basic
28247,Basic
83564,Luxury
86720,Basic
53978,Basic
78993,Basic
19537,Basic
81330,Basic
55115,Basic
83615,Basic
24176,Basic
87186,Basic
76718,Basic
34686,Basic
1372,Basic
85391,Luxury
88190,Basic
29465,Basic
36475,Basic
14807,Basic
13176,Luxury
33747,Basic
72586,Basic
6040,Basic
17791,Basic
37542,Basic
4991,Basic
35375,Basic
68760,Basic
43667,Basic
28472,Basic
45916,Basic
39110,Basic
54484,Basic
88828,Basic
37875,Basic
33709,Basic
4574,Luxury
38713,Luxury
48796,Basic
98350,Basic
5675,Basic
13079,Basic
80282,Basic
27842,Luxury
94351,Basic
12903,Basic
85474,Basic
48033,Basic
13344,Basic
86663,Basic
22387,Basic
44247,Basic
35226,Basic
70293,Basic
94396,Basic
69665,Luxury
14948,Basic
82610,Basic
89173,Basic
48805,Basic
50077,Basic
32616,Basic
2750,Luxury
27532,Luxury
44924,Basic
23378,Basic
64441,Basic
74760,Luxury
70794,Basic
44528,Basic
58628,Basic
45692,Basic
67417,Basic
68731,Luxury
81573,Basic
15859,Basic
34071,Basic
82131,Luxury
2695,Basic
51891,Basic
82469,Basic
31785,Luxury
81147,Basic
13024,Basic
35160,Luxury
56284,Basic
1095,Basic
60250,Basic
49114,Basic
66289,Luxury
62940,Basic
90220,Basic
13984,Basic
27961,Basic
90626,Basic
59735,Basic
75841,Basic
15417,Basic
41381,Basic
45301,Basic
8305,Basic
39032,Basic
36223,Basic
6127,Basic
42903,Basic
18485,Basic
71296,Basic
33296,Basic
63259,Basic
28584,Basic
88258,Basic
83639,Basic
51721,Basic
90253,Basic
26659,Basic
99985,Basic
61235,Basic
31451,Basic
14366,Luxury
96237,Luxury
51391,Basic
61448,Basic
16789,Basic
67527,Basic
86472,Basic
45521,Basic
23782,Luxury
36704,Basic
59718,Luxury
88548,Basic
91270,Luxury
71414,Basic
65653,Basic
62770,Basic
88346,Basic
48817,Luxury
59213,Basic
65160,Basic
86045,Basic
6820,Luxury
33704,Basic
10460,Basic
92256,Basic
85490,Basic
74012,Basic
53155,Basic
41573,Basic
46413,Luxury
99932,Basic
47715,Basic
41565,Basic
98213,Basic
79435,Basic
9517,Basic
5329,Basic
79988,Basic
34800,Luxury
40505,Basic
22034,Basic
15610,Basic
10175,Basic
51528,Basic
76014,Basic
3048,Basic
9035,Basic
43501,Basic
14865,Basic
74409,Luxury
97863,Basic
68115,Basic
51107,Basic
55804,Basic
49431,Basic
42385,Basic
36569,Basic
82006,Basic
31241,Luxury
65531,Luxury
87886,Basic
21792,Basic
20175,Basic
72871,Luxury
47582,Basic
63961,Basic
40816,Basic
27899,Luxury
74571,Basic
71469,Basic
94313,Basic
34511,Basic
56999,Basic
23450,Basic
43001,Basic
48825,Basic
15728,Basic
4840,Basic
79603,Basic
26328,Luxury
93656,Basic
16771,Basic
35285,Basic
50747,Basic
28452,Basic
97763,Basic
75461,Luxury
50931,Basic
83028,Basic
86084,Basic
99506,Basic
87669,Basic
16971,Basic
16856,Basic
92853,Basic
58332,Basic
46219,Basic
4780,Basic
75095,Luxury
19796,Basic
41867,Basic
46187,Basic
7631,Basic
50384,Basic
2041,Basic
19606,Basic
77646,Basic
79401,Basic
79380,Basic
77337,Basic
30551,Basic
9758,Basic
71370,Basic
42167,Basic
68826,Basic
9529,Basic
40869,Basic
58938,Basic
58528,Basic
18491,Basic
28739,Basic
8242,Luxury
72120,Basic
70274,Luxury
34477,Basic
78088,Basic
46899,Basic
34428,Basic
28168,Basic
61839,Basic
31657,Basic
43717,Basic
54715,Basic
23623,Basic
23759,Basic
25275,Basic
13323,Basic
87763,Basic
2905,Luxury
8403,Basic
79594,Basic
19773,Basic
41110,Basic
55660,Luxury
6051,Basic
22907,Basic
58679,Basic
55023,Luxury
51124,Basic
97422,Basic
66057,Basic
81319,Basic
12492,Luxury
86634,Basic
23073,Basic
99171,Basic
81458,Basic
92661,Luxury
43026,Basic
20259,Basic
60589,Basic
27328,Basic
88399,Basic
90474,Basic
11062,Basic
6639,Basic
98731,Basic
94556,Luxury
25681,Basic
76347,Basic
56609,Basic
28825,Basic
78018,Basic
87873,Basic
69080,Basic
14945,Basic
95312,Basic
15167,Basic
89775,Luxury
44718,Basic
68339,Basic
52532,Basic
4882,Basic
78852,Luxury
48214,Basic
90764,Basic
90957,Basic
15348,Basic
75112,Basic
50664,Basic
93176,Basic
14194,Basic
79133,Luxury
25954,Basic
88639,Basic
60513,Basic
66759,Basic
7392,Basic
87718,Basic
87111,Basic
37340,Basic
70062,Luxury
18441,Basic
51650,Basic
19686,Basic
3796,Basic
50148,Basic
24628,Basic
38936,Basic
55059,Basic
99372,Basic
59728,Luxury
18795,Basic
9641,Basic
54050,Basic
71195,Basic
38758,Basic
56577,Basic
94122,Basic
65062,Basic
44317,Basic
58304,Basic
52169,Luxury
98856,Luxury
85462,Basic
51703,Basic
8021,Basic
30415,Basic
82377,Basic
5135,Basic
57738,Basic
8108,Basic
75489,Luxury
71332,Basic
34827,Basic
97586,Basic
81070,Basic
64963,Basic
23417,Basic
16576,Basic
75520,Basic
70420,Basic
78694,Luxury
26681,Basic
10902,Basic
84952,Basic
67972,Luxury
44002,Basic
51539,Basic
41702,Basic
87159,Basic
77304,Basic
50168,Basic
96656,Basic
85768,Basic
76707,Luxury
10359,Basic
3160,Basic
83015,Basic
13659,Basic
62751,Basic
63354,Basic
26486,Basic
58029,Basic
18022,Basic
31005,Basic
4794,Basic
90763,Basic
21272,Basic
53895,Basic
7113,Luxury
55490,Basic
91623,Basic
94081,Basic
13176,Luxury
30587,Luxury
13019,Basic
50578,Luxury
40364,Basic
13851,Basic
96134,Basic
32974,Basic
65164,Basic
44206,Basic
37717,Basic
79724,Basic
81055,Basic
63297,Basic
84392,Basic
35894,Basic
48691,Basic
35272,Basic
24634,Basic
63533,Basic
84288,Basic
77271,Basic
62556,Luxury
46903,Basic
47553,Luxury
63209,Basic
7772,Basic
22533,Basic
17238,Basic
8872,Basic
49770,Basic
28703,Basic
45234,Basic
95296,Luxury
83220,Basic
2442,Basic
61905,Basic
3951,Basic
77963,Basic
27947,Basic
22585,Basic
64468,Basic
54272,Basic
1677,Basic
88629,Basic
62942,Basic
96145,Basic
54859,Basic
32985,Basic
99362,Basic
25486,Basic
28220,Luxury
63119,Basic
7628,Basic
7936,Basic
23198,Basic
10683,Basic
43402,Basic
10683,Basic
68577,Basic
14984,Basic
27803,Basic
92899,Basic
64078,Basic
25388,Basic
97199,Basic
53351,Basic
74954,Basic
90531,Basic
40469,Basic
65132,Basic
93634,Basic
56917,Basic
89869,Basic
28748,Basic
59643,Basic
3951,Luxury
11813,Basic
9773,Basic
81875,Basic
76669,Basic
35962,Basic
63382,Basic
82984,Basic
56004,Basic
29835,Basic
2033,Basic
50306,Basic
9698,Basic
33795,Basic
23841,Basic
91701,Basic
1658,Basic
13868,Luxury
61403,Basic
79563,Luxury
18874,Luxury
83945,Basic
18183,Basic
19645,Basic
51744,Luxury
24859,Basic
10478,Basic
75788,Basic
61361,Basic
77283,Basic
88673,Basic
32510,Basic
27333,Basic
5853,Basic
53842,Basic
15662,Basic
67103,Luxury
93906,Basic
91857,Basic
79132,Basic
64213,Basic
6486,Basic
70768,Basic
53869,Luxury
82557,Basic
48107,Basic
36934,Basic
460,Basic
38321,Luxury
84311,Basic
17466,Basic
24478,Basic
34455,Basic
18464,Basic
38798,Basic
55485,Basic
5767,Basic
36683,Basic
55850,Basic
14871,Basic
60861,Basic
19219,Basic
41700,Basic
13296,Basic
21479,Luxury
76699,Basic
29755,Luxury
2121,Basic
1956,Basic
38470,Basic
25963,Luxury
1314,Basic
86046,Basic
50550,Basic
25594,Basic
95011,Basic
20470,Basic
66041,Basic
6192,Basic
45524,Basic
13767,Basic
32769,Basic
47831,Basic
58752,Basic
92075,Luxury
91711,Basic
56421,Basic
23449,Basic
78124,Basic
70753,Basic
50380,Basic
86387,Basic
18161,Basic
41992,Basic
56420,Basic
78620,Basic
10919,Basic
64101,Luxury
54200,Basic
77260,Luxury
55015,Basic
10212,Luxury
69055,Basic
54369,Luxury
89338,Basic
75363,Basic
1565,Basic
52568,Luxury
21833,Basic
77654,Luxury
5537,Basic
70596,Basic
9947,Basic
47757,Basic
57044,Basic
74139,Basic
54043,Basic
95549,Luxury
57662,Basic
2671,Basic
36417,Luxury
65583,Basic
82927,Basic
4733,Basic
96943,Basic
3814,Basic
72959,Basic
96594,Basic
61073,Basic
73888,Luxury
24150,Luxury
64949,Basic
12179,Basic
91725,Basic
15415,Basic
58576,Luxury
49140,Basic
30397,Basic
76846,Basic
72829,Basic
62008,Basic
153,Basic
97952,Basic
27729,Basic
17874,Basic
21459,Basic
73097,Basic
83038,Basic
49388,Basic
40086,Basic
75102,Basic
21973,Basic
4221,Basic
35661,Basic
66612,Basic
29402,Basic
64937,Basic
9632,Luxury
56513,Luxury
76324,Basic
27445,Basic
86383,Luxury
53822,Basic
28655,Luxury
86990,Basic
73553,Basic
79875,Basic
70124,Luxury
55992,Basic
4962,Basic
62859,Basic
63990,Basic
70041,Basic
5702,Basic
85306,Basic
5378,Basic
89549,Luxury
98554,Luxury
34946,Basic
97419,Basic
51796,Basic
23560,Basic
27681,Basic
77385,Basic
54563,Basic
73975,Basic
26268,Basic
41602,Basic
66331,Basic
24386,Basic
13904,Basic
2206,Basic
26017,Basic
40691,Basic
32413,Basic
86139,Basic
93351,Basic
54183,Basic
3605,Basic
39881,Basic
68399,Basic
75387,Basic
86986,Basic
14982,Luxury
5902,Basic
16268,Basic
40506,Basic
74701,Basic
19778,Basic
77226,Basic
82333,Basic
37986,Basic
41330,Basic
87627,Basic
31856,Basic
76480,Basic
26907,Luxury
45452,Basic
2475,Luxury
90996,Basic
5537,Basic
96173,Basic
33545,Basic
341,Basic
21514,Basic
1726,Basic
44403,Basic
83841,Basic
59036,Basic
1440,Basic
